﻿{
	"$schema": "https://raw.githubusercontent.com/DotNetAnalyzers/StyleCopAnalyzers/master/StyleCop.Analyzers/StyleCop.Analyzers/Settings/stylecop.schema.json",
	"settings": {
		"indentation": {
			"useTabs": true,
			"tabSize": 4
		},
		"namingRules": {
			"allowCommonHungarianPrefixes": false,
			"allowedHungarianPrefixes": [
				"ab",
				"ac",
				"ad",
				"af",
				"ai",
				"al",
				"ao",
				"as",
				"ax",
				"b",
				"by",
				"c",
				"d",
				"dt",
				"e",
				"f",
				"hs",
				"i",
				"ip",
				"is",
				"l",
				"lb",
				"lc",
				"ld",
				"lf",
				"li",
				"ll",
				"lo",
				"ls",
				"lx",
				"my",
				"no",
				"o",
				"qb",
				"qc",
				"qd",
				"qf",
				"qi",
				"ql",
				"qo",
				"qs",
				"qx",
				"rx",
				"s",
				"sb",
				"sc",
				"sd",
				"sf",
				"sh",
				"si",
				"sl",
				"so",
				"ss",
				"sx",
				"to",
				"ts",
				"tx",
				"ui",
				"ul",
				"x"
			]
		}
	}
}
