﻿<?xml version="1.0" encoding="utf-8" ?>
<DMSScript options="272" xmlns="http://www.skyline.be/automation">
	<Name>LibraryInOwnScript</Name>
	<Description></Description>
	<Type>Automation</Type>
	<Author>SKYLINE2\Pedro</Author>
	<CheckSets>FALSE</CheckSets>
	<Folder></Folder>

	<Protocols>
	</Protocols>

	<Memory>
	</Memory>

	<Parameters>
	</Parameters>

	<Script>
		<Exe id="1" type="csharp">
			<Value><![CDATA[[Project:LibraryInOwnScript_1]]]></Value>
			<!--<Param type="debug">true</Param>-->
			<Message></Message>
		</Exe>
		<Exe id="2" type="csharp">
			<Value><![CDATA[[Project:LibraryInOwnScript_2]]]></Value>
			<!--<Param type="debug">true</Param>-->
			<Message></Message>
			<Param type="preCompile">true</Param>
			<Param type="libraryName">MyLibrary</Param>
		</Exe>
	</Script>
</DMSScript>