﻿<?xml version="1.0" encoding="utf-8" ?>
<!--

****************************************************************************
*  Copyright (c) 2025,  Skyline Communications NV  All Rights Reserved.    *
****************************************************************************

By using this driver, you expressly agree with the usage terms and
conditions set out below.
This driver and all related materials are protected by copyrights and
other intellectual property rights that exclusively belong
to Skyline Communications.

A user license granted for this driver is strictly for personal use only.
This driver may not be used in any way by anyone without the prior
written consent of Skyline Communications. Any sublicensing of this
driver is forbidden.

Any modifications to this driver by the user are only allowed for
personal use and within the intended purpose of the driver,
and will remain the sole responsibility of the user.
Skyline Communications will not be responsible for any damages or
malfunctions whatsoever of the driver resulting from a modification
or adaptation by the user.

The content of this driver is confidential information.
The user hereby agrees to keep this confidential information strictly
secret and confidential and not to disclose or reveal it, in whole
or in part, directly or indirectly to any person, entity, organization
or administration without the prior written consent of
Skyline Communications.

Any inquiries can be addressed to:

	Skyline Communications NV
	Ambachtenstraat 33
	B-8870 Izegem
	Belgium
	Tel.	: +32 51 31 35 69
	Fax.	: +32 51 31 01 29
	E-mail	: info@skyline.be
	Web		: www.skyline.be
	Contact	: Ben Vandenberghe

-->

<Protocol xmlns="http://www.skyline.be/protocol">
	<Name>natsconnectortest</Name>
	<Description>natsconnectortest DataMiner connector</Description>
	<Version>1.0.0.1</Version>
	<IntegrationID>DMS-DRV-</IntegrationID>
	<Provider>Skyline Communications</Provider>
	<Vendor></Vendor>
	<VendorOID>1.3.6.1.4.1.8813.2.</VendorOID>
	<DeviceOID></DeviceOID>
	<SNMP includepages="true">auto</SNMP>
	<ElementType></ElementType>
	<Type relativeTimers="true" options=";unicode">virtual</Type>
	<Display defaultPage="General" pageOrder="General"/>

	<Compliancies>
		<CassandraReady>true</CassandraReady>
		<MinimumRequiredVersion>10.2.0.0 - 12603</MinimumRequiredVersion>
	</Compliancies>

	<Params>
		<Param id="2">
			<Name>AfterStartup</Name>
			<Description>After Startup</Description>
			<Type>dummy</Type>
		</Param>
	</Params>

	<QActions>
		<QAction id="2" name="After Startup" encoding="csharp" triggers="2" />
	</QActions>

	<Groups>
		<Group id="2">
			<Name>After Startup</Name>
			<Description>After Startup</Description>
			<Type>poll action</Type>
			<Content>
				<Action>2</Action>
			</Content>
		</Group>
	</Groups>

	<Triggers>
		<Trigger id="1">
			<Name>After Startup</Name>
			<On>protocol</On>
			<Time>after startup</Time>
			<Type>action</Type>
			<Content>
				<Id>1</Id>
			</Content>
		</Trigger>
	</Triggers>

	<Actions>
		<Action id="1">
			<Name>After Startup Group</Name>
			<On id="2">group</On>
			<Type>execute next</Type>
		</Action>
		<Action id="2">
			<Name>After Startup QAction</Name>
			<On id="2">parameter</On>
			<Type>run actions</Type>
		</Action>
	</Actions>

	<Timers>
		<Timer id="1">
			<Name>Fast Timer (10s)</Name>
			<Time initial="true">10000</Time>
			<Interval>75</Interval>
			<Content>
			</Content>
		</Timer>
		<Timer id="2">
			<Name>Medium Timer (1m)</Name>
			<Time initial="true" dataDisplay="30000">60000</Time>
			<Interval>75</Interval>
			<Content>
			</Content>
		</Timer>
		<Timer id="3">
			<Name>Slow Timer (1h)</Name>
			<Time initial="true">3600000</Time>
			<Interval>75</Interval>
			<Content>
			</Content>
		</Timer>
	</Timers>

	<PortSettings>
	</PortSettings>

	<VersionHistory>
		<Branches>
			<Branch id="1">
				<Comment>Main Branch</Comment>
				<SystemVersions>
					<SystemVersion id="0">
						<MajorVersions>
							<MajorVersion id="0">
								<MinorVersions>
									<MinorVersion id="1">
										<Date>2025-01-03</Date>
										<Provider>
											<Author>XXX</Author>
											<Company>Skyline Communications</Company>
										</Provider>
										<Changes>
											<NewFeature>Initial version</NewFeature>
										</Changes>
									</MinorVersion>
								</MinorVersions>
							</MajorVersion>
						</MajorVersions>
					</SystemVersion>
				</SystemVersions>
			</Branch>
		</Branches>
	</VersionHistory>

</Protocol>
